"('Generate ', '10', ' travel question for me.')", What are some off-the-beaten-path destinations to visit in South America?,What can I do in London for a weekend trip?
"('Generate ', '10', ' travel question for me.')", What are the must-see attractions in [destination]?,What can I do in London for a weekend trip?
"('Generate ', '10', ' travel question for me.')", What is the best time of year to visit [destination]?,What can I do in London for a weekend trip?
"('Generate ', '10', ' travel question for me.')", What are some hidden gems to explore in [destination]?,What can I do in London for a weekend trip?
"('Generate ', '10', ' travel question for me.')", What is the local cuisine like in [destination]?,What can I do in London for a weekend trip?
"('Generate ', '10', ' travel question for me.')", What are some popular outdoor activities to do in [destination]?,What can I do in London for a weekend trip?
"('Generate ', '10', ' travel question for me.')", What is the history and culture of [destination]?,What can I do in London for a weekend trip?
"('Generate ', '10', ' travel question for me.')", What are the best accommodations in [destination]?,What can I do in London for a weekend trip?
"('Generate ', '10', ' travel question for me.')", What are some unique souvenirs to bring back from [destination]?,What can I do in London for a weekend trip?
"('Generate ', '10', ' travel question for me.')", What is the nightlife like in [destination]?,What can I do in London for a weekend trip?
"('Generate ', '10', ' travel question for me.')", What are some tips for traveling to [destination] on a budget?,What can I do in London for a weekend trip?
"('Generate ', '10', ' travel question for me.')", What are the top tourist attractions in [destination]?,What can I do in London for a weekend trip?
"('Generate ', '10', ' travel question for me.')", What is the best time of year to visit [destination]?,What can I do in London for a weekend trip?
"('Generate ', '10', ' travel question for me.')", What are some unique cultural experiences to have in [destination]?,What can I do in London for a weekend trip?
"('Generate ', '10', ' travel question for me.')", What are the best restaurants to try in [destination]?,What can I do in London for a weekend trip?
"('Generate ', '10', ' travel question for me.')", What are some outdoor activities to do in [destination]?,What can I do in London for a weekend trip?
"('Generate ', '10', ' travel question for me.')", What are some hidden gems to discover in [destination]?,What can I do in London for a weekend trip?
"('Generate ', '10', ' travel question for me.')", What is the local currency in [destination] and where can I exchange money?,What can I do in London for a weekend trip?
"('Generate ', '10', ' travel question for me.')", What are some popular festivals or events in [destination]?,What can I do in London for a weekend trip?
"('Generate ', '10', ' travel question for me.')", What are the transportation options in [destination]?,What can I do in London for a weekend trip?
"('Generate ', '10', ' travel question for me.')", What are some safety tips for traveling to [destination]?,What can I do in London for a weekend trip?
"('Generate ', '10', ' travel question for me.')", What are the top tourist attractions in Paris?,What can I do in London for a weekend trip?
"('Generate ', '10', ' travel question for me.')", What is the best time of year to visit Bali?,What can I do in London for a weekend trip?
"('Generate ', '10', ' travel question for me.')", What are some must-try foods in Tokyo?,What can I do in London for a weekend trip?
"('Generate ', '10', ' travel question for me.')", What are the best hiking trails in the Swiss Alps?,What can I do in London for a weekend trip?
"('Generate ', '10', ' travel question for me.')", What are the most popular beaches in Hawaii?,What can I do in London for a weekend trip?
"('Generate ', '10', ' travel question for me.')", What are some unique cultural experiences to have in India?,What can I do in London for a weekend trip?
"('Generate ', '10', ' travel question for me.')", What are the best museums to visit in New York City?,What can I do in London for a weekend trip?
"('Generate ', '10', ' travel question for me.')"," What are some fun activities to do in Cancun, Mexico?",What can I do in London for a weekend trip?
"('Generate ', '10', ' travel question for me.')", What are the top landmarks to see in Rome?,What can I do in London for a weekend trip?
"('Generate ', '10', ' travel question for me.')", What are some popular festivals to attend in Brazil?,What can I do in London for a weekend trip?
